epoch,step,train_loss
0,49,5.365722179412842
1,99,3.360947370529175
2,149,3.1151819229125977
3,199,2.9413671493530273
4,249,2.7059578895568848
