step,train_loss,epoch
49,0.644443154335022,0
99,-0.8945789933204651,1
149,-1.2481406927108765,2
199,-1.3773324489593506,3
249,-1.1156914234161377,4
