epoch,step,train_loss
0,49,5.101165294647217
1,99,3.3656136989593506
2,149,3.144803524017334
3,199,2.863098382949829
4,249,2.7233033180236816
5,299,2.6347501277923584
6,349,2.937286138534546
7,399,2.8008368015289307
8,449,1.953933835029602
9,499,2.204474687576294
